-- phpMyAdmin SQL Dump
-- version 4.8.5
-- https://www.phpmyadmin.net/
--
-- Host: 127.0.0.1
-- Generation Time: Sep 19, 2023 at 03:35 PM
-- Server version: 10.1.38-MariaDB
-- PHP Version: 5.6.40

SET SQL_MODE = "NO_AUTO_VALUE_ON_ZERO";
SET AUTOCOMMIT = 0;
START TRANSACTION;
SET time_zone = "+00:00";


/*!40101 SET @OLD_CHARACTER_SET_CLIENT=@@CHARACTER_SET_CLIENT */;
/*!40101 SET @OLD_CHARACTER_SET_RESULTS=@@CHARACTER_SET_RESULTS */;
/*!40101 SET @OLD_COLLATION_CONNECTION=@@COLLATION_CONNECTION */;
/*!40101 SET NAMES utf8mb4 */;

--
-- Database: `hotelwebsite`
--

-- --------------------------------------------------------

--
-- Table structure for table `admintbl`
--

CREATE TABLE `admintbl` (
  `aid` int(11) NOT NULL,
  `name` varchar(20) NOT NULL,
  `password` varchar(50) NOT NULL
) ENGINE=InnoDB DEFAULT CHARSET=latin1;

--
-- Dumping data for table `admintbl`
--

INSERT INTO `admintbl` (`aid`, `name`, `password`) VALUES
(101, 'archana', '123'),
(102, 'admin', '123'),
(103, 'arch', 'd6194c68fcc7e79bb57401be603cb1cc'),
(104, 'mmdd', 'ceb59b8a754a70a4334547ecde83a951'),
(105, 'host', '71144850f4fb4cc55fc0ee6935badddf');

-- --------------------------------------------------------

--
-- Table structure for table `facilities`
--

CREATE TABLE `facilities` (
  `id` int(11) NOT NULL,
  `icon` varchar(200) NOT NULL,
  `name` varchar(50) NOT NULL,
  `description` varchar(300) NOT NULL
) ENGINE=InnoDB DEFAULT CHARSET=latin1;

--
-- Dumping data for table `facilities`
--

INSERT INTO `facilities` (`id`, `icon`, `name`, `description`) VALUES
(22, '12908.svg', 'Wifi', 'Our Hotel offers free Internet access For Our Customer. High-speed wireless Internet connection is complimentary both in the rooms and public areas.'),
(23, '4149.svg', 'Parking', 'Our Hotel offers 24-hour indoor parking for its guests. The hotel is directly accessible from the indoor car park With High Quality CCTV camera for security.'),
(24, '914.svg', 'TV', 'We Provides TV services are more than just a way to provide entertainment options for hotel guests. Cable TV providers for hotels typically offer solutions .'),
(25, '13462.svg', 'Air Conditioner', 'Air-conditioner is one of the necessary in our daily lives for regulating temperature. It creates a cool area during the hot summer and a warm area during the winter'),
(26, '28544.svg', 'Medical', 'We provide this this service, typically have a wide range of units to save lives that can give emergencies dealing with non-intensive care and intensive care'),
(27, '15562.svg', 'Room Service', 'Our Hotel provides 24-hour room service.Any time customer can call in reception area for any service . Please click here for Room Service menu.'),
(29, '25115.svg', 'Fire Safty', 'Our Hotel provides Fire Safety Service . For customer Protection And sefety We provide fire safety services For fire related problems.'),
(30, '24318.svg', 'Room Heater', 'Electric room heaters are provided with a curved, polished surface behind the rod-like heating element. This polished surface reflects back all the heat radiation falling on it.'),
(31, '13391.svg', 'Swimming Pool', 'A hotel in a warm location is more likely to offer a swimming pool for guests to use, but even hotels in colder climates can benefit from offering swimming facilities.  '),
(32, '1631.svg', 'Spa', 'Guests can take advantage of spa at the hotel spa. Facials are very popular. We also provide in-room treatments, where a technician a massage, manicure, etc.'),
(33, '27434.svg', 'Wet Bar', 'A wet bar is a small area in a hotel room that is equipped with a sink, a refrigerator, and a selection of alcoholic beverages and mixers full of joy.'),
(34, '5812.svg', 'Sound System', 'Our hotel sound system combines 32 stylish 3\" ceiling speakers with a powerful 350 watt Bluetooth mixer amplifier. Provide your guests with the ideal lodging .');

-- --------------------------------------------------------

--
-- Table structure for table `features`
--

CREATE TABLE `features` (
  `id` int(11) NOT NULL,
  `name` varchar(100) NOT NULL
) ENGINE=InnoDB DEFAULT CHARSET=latin1;

--
-- Dumping data for table `features`
--

INSERT INTO `features` (`id`, `name`) VALUES
(1, 'an'),
(2, 'AC'),
(3, 'BedRoom'),
(4, 'Balcony'),
(5, 'Kitchen'),
(6, 'Terrace Balcony'),
(7, 'BathRoom');

-- --------------------------------------------------------

--
-- Table structure for table `home_silder`
--

CREATE TABLE `home_silder` (
  `id` int(11) NOT NULL,
  `image` varchar(100) NOT NULL
) ENGINE=InnoDB DEFAULT CHARSET=latin1;

--
-- Dumping data for table `home_silder`
--

INSERT INTO `home_silder` (`id`, `image`) VALUES
(1, '6534.jpg'),
(2, '30882.jpg'),
(3, '921.jpg'),
(4, '22110.jpg'),
(5, '29945.png'),
(6, '23614.png');

-- --------------------------------------------------------

--
-- Table structure for table `rooms`
--

CREATE TABLE `rooms` (
  `id` int(11) NOT NULL,
  `name` varchar(150) NOT NULL,
  `area` int(11) NOT NULL,
  `price` int(11) NOT NULL,
  `mimg` varchar(100) DEFAULT NULL,
  `sub1` varchar(100) DEFAULT NULL,
  `sub2` varchar(100) DEFAULT NULL,
  `sub3` varchar(100) DEFAULT NULL
) ENGINE=InnoDB DEFAULT CHARSET=latin1;

--
-- Dumping data for table `rooms`
--

INSERT INTO `rooms` (`id`, `name`, `area`, `price`, `mimg`, `sub1`, `sub2`, `sub3`) VALUES
(18, 'Standard', 101, 2000, 'Standard-main.jpg', 'Standard-sub1.jpg', 'Standard-sub2.jpg', 'Standard-sub3.jpg'),
(19, 'Dulex', 101, 4000, 'Dulex-main.jpg', 'Dulex-sub1.jpg', 'Dulex-sub2.jpg', 'Dulex-sub3.jpg'),
(20, 'Luxury', 101, 15000, 'Luxury-main.jpg', 'Luxury-sub1.jpg', 'Luxury-sub2.jpg', 'Luxury-sub3.jpg'),
(21, 'Connected', 101, 8000, 'Connected-main.jpg', 'Connected-sub1.jpg', 'Connected-sub2.jpg', 'Connected-sub3.jpg'),
(22, 'Super Dulex', 101, 10000, 'Super Dulex-main.jpg', 'Super Dulex-sub1.jpg', 'Super Dulex-sub2.jpg', 'Super Dulex-sub3.jpg'),
(23, 'Suits', 101, 20000, 'Suits-101-main.jpg', 'Suits-101-sub1.jpg', 'Suits-101-sub2.jpg', 'Suits-101-sub3.jpg');

-- --------------------------------------------------------

--
-- Table structure for table `room_facility`
--

CREATE TABLE `room_facility` (
  `sr_no` int(11) NOT NULL,
  `room_id` int(11) NOT NULL,
  `facilitiy_id` int(11) NOT NULL
) ENGINE=InnoDB DEFAULT CHARSET=latin1;

--
-- Dumping data for table `room_facility`
--

INSERT INTO `room_facility` (`sr_no`, `room_id`, `facilitiy_id`) VALUES
(46, 18, 22),
(47, 18, 23),
(48, 18, 24),
(49, 18, 25),
(50, 18, 27),
(57, 20, 25),
(58, 20, 27),
(59, 20, 31),
(60, 20, 32),
(61, 20, 33),
(62, 20, 34),
(63, 21, 24),
(64, 21, 27),
(65, 21, 32),
(66, 21, 33),
(67, 21, 34),
(68, 22, 23),
(69, 22, 27),
(70, 22, 31),
(71, 22, 32),
(72, 22, 33),
(73, 22, 34),
(74, 23, 23),
(75, 23, 24),
(76, 23, 27),
(77, 23, 31),
(78, 23, 32),
(79, 23, 33),
(80, 23, 34),
(117, 19, 27),
(118, 19, 31),
(119, 19, 32),
(120, 19, 33),
(121, 19, 34);

-- --------------------------------------------------------

--
-- Table structure for table `room_features`
--

CREATE TABLE `room_features` (
  `sr_no` int(11) NOT NULL,
  `room_id` int(11) NOT NULL,
  `feature_id` int(11) NOT NULL
) ENGINE=InnoDB DEFAULT CHARSET=latin1;

--
-- Dumping data for table `room_features`
--

INSERT INTO `room_features` (`sr_no`, `room_id`, `feature_id`) VALUES
(44, 18, 1),
(45, 18, 3),
(46, 18, 5),
(47, 18, 7),
(52, 20, 2),
(53, 20, 4),
(54, 20, 6),
(55, 20, 7),
(56, 21, 1),
(57, 21, 2),
(58, 21, 3),
(59, 21, 4),
(60, 22, 1),
(61, 22, 2),
(62, 22, 3),
(63, 22, 6),
(64, 23, 1),
(65, 23, 2),
(66, 23, 6),
(67, 23, 7),
(91, 19, 1),
(92, 19, 2),
(93, 19, 5),
(94, 19, 7);

-- --------------------------------------------------------

--
-- Table structure for table `room_type`
--

CREATE TABLE `room_type` (
  `id` int(11) NOT NULL,
  `type` varchar(100) NOT NULL,
  `image` varchar(100) NOT NULL,
  `desc` varchar(1000) DEFAULT NULL
) ENGINE=InnoDB DEFAULT CHARSET=latin1;

--
-- Dumping data for table `room_type`
--

INSERT INTO `room_type` (`id`, `type`, `image`, `desc`) VALUES
(4, 'Standard', '3852.jpg', 'A minimalist room is designed and set up with less furniture and accessories for an uncluttered space. With furniture, door, storage and organization a minimalist room can be just what you want. Regardless of size and budget a bedroom or living room can be minimalist and still meet your needs.'),
(5, 'Dulex', '32300.jpg', 'Deluxe room: these rooms might be a bit bigger with slightly upgraded amenities or a nicer view. These rooms are typically equipped for groups who need more space, like a couple or small family.'),
(6, 'Luxury', '20725.jpg', 'A Luxury Hotel is considered a hotel that provides a luxurious accommodation experience to the guest. There are no set standards (such as stars) for luxury hotels. Often 4 or 5-star hotels describe themselves as Luxury.'),
(7, 'Suits', '20106.jpg', 'A suite in a hotel or other public accommodation (e.g. a cruise ship) denotes, according to most dictionary definitions, connected rooms under one room number. Hotels may refer to suites as a class of accommodations with more space than a typical hotel room, but technically speaking there should be more than one room to constitute a true suite.'),
(8, 'Connected', '11515.jpg', 'Two guest rooms are connected by a locked door to an adjoining room, which is also connected by a locked door. Adjoining rooms can be booked separately by two different people. What does a connecting suite mean? The trick is booking what the industry calls a connecting suite or connecting room instead of a traditional suite.'),
(11, 'Super Dulex', '19054.jpg', 'Super Deluxe – An exclusive and expensive luxury hotel, often palatial, offering the highest standards of service, accommodations and facilities. Elegant and luxurious public rooms. A prestigious address.');

-- --------------------------------------------------------

--
-- Table structure for table `tblbooking`
--

CREATE TABLE `tblbooking` (
  `id` int(11) NOT NULL,
  `checkin` date NOT NULL,
  `checkout` date NOT NULL,
  `uid` int(11) NOT NULL,
  `rid` int(11) NOT NULL,
  `bookingDate` datetime NOT NULL DEFAULT CURRENT_TIMESTAMP,
  `total_day` int(11) NOT NULL
) ENGINE=InnoDB DEFAULT CHARSET=latin1;

--
-- Dumping data for table `tblbooking`
--

INSERT INTO `tblbooking` (`id`, `checkin`, `checkout`, `uid`, `rid`, `bookingDate`, `total_day`) VALUES
(11, '2023-09-17', '2023-09-19', 9, 20, '2023-09-19 16:46:58', 2),
(12, '2023-09-19', '2023-09-27', 9, 23, '2023-09-19 16:49:45', 8),
(13, '2023-09-19', '2023-09-21', 11, 19, '2023-09-19 18:03:02', 2),
(14, '2023-09-19', '2023-09-21', 11, 19, '2023-09-19 18:03:49', 2),
(15, '2023-09-19', '2023-09-21', 11, 19, '2023-09-19 18:05:41', 2),
(16, '2023-09-06', '2023-09-13', 11, 19, '2023-09-19 18:07:06', 7),
(17, '2023-09-12', '2023-09-21', 11, 19, '2023-09-19 18:08:38', 9),
(18, '2023-09-07', '2023-09-08', 11, 19, '2023-09-19 18:25:19', 1);

-- --------------------------------------------------------

--
-- Table structure for table `tbltitles`
--

CREATE TABLE `tbltitles` (
  `id` int(11) NOT NULL DEFAULT '1',
  `Title` varchar(50) NOT NULL,
  `slider_lg_msg` varchar(60) NOT NULL,
  `slider_md_msg` varchar(60) NOT NULL,
  `slider_sm_msg` varchar(60) NOT NULL
) ENGINE=InnoDB DEFAULT CHARSET=latin1;

--
-- Dumping data for table `tbltitles`
--

INSERT INTO `tbltitles` (`id`, `Title`, `slider_lg_msg`, `slider_md_msg`, `slider_sm_msg`) VALUES
(1, 'TAJ HOTEL', 'Amazing Services , Location & Facilities', 'Life Is A Beautiful Journey , Live It Well', 'Best Place To Stay');

-- --------------------------------------------------------

--
-- Table structure for table `usertbl`
--

CREATE TABLE `usertbl` (
  `id` int(11) NOT NULL,
  `name` varchar(100) NOT NULL,
  `uname` varchar(100) NOT NULL,
  `phone` bigint(100) NOT NULL,
  `email` varchar(100) NOT NULL,
  `address` varchar(120) NOT NULL,
  `password` varchar(200) NOT NULL,
  `status` int(11) NOT NULL DEFAULT '1',
  `datetime` datetime NOT NULL DEFAULT CURRENT_TIMESTAMP
) ENGINE=InnoDB DEFAULT CHARSET=latin1;

--
-- Dumping data for table `usertbl`
--

INSERT INTO `usertbl` (`id`, `name`, `uname`, `phone`, `email`, `address`, `password`, `status`, `datetime`) VALUES
(1, 'archana', 'vujj', 7890567898, '7890567898', 'asfyja', '1234', 1, '2023-09-01 17:07:54'),
(2, 'archana', 'gita', 7890567898, '7890567898', 'asfyja', '1234', 1, '2023-09-01 17:08:43'),
(3, 'rani', 'Rani', 7890567898, '7890567898', 'vjbmn,', '8976', 1, '2023-09-01 23:08:44'),
(4, 'sita', 'site', 7890567898, '7890567898', 'dyfhtygj', '3456', 1, '2023-09-01 23:17:23'),
(5, 'arch', 'asu', 7890567898, '7890567898', 'A / 153 , shivsagar soc. , surat  ', '45d282e7fed55b485182393f7bc6292d', 1, '2023-09-01 23:19:59'),
(6, 'gita1', 'gira1', 7890567898, '7890567898', '104 /radhe soc. ,surat', '35e31e606021b85485cea95f4ce21f7d', 1, '2023-09-01 23:32:44'),
(7, 'babita', 'babita@$%!123', 7890567898, '7890567898', '103/gokuldham soc. , guaregav , mumbai ', '20fe687d58d6295cd94ba4f4ffe4bab4', 1, '2023-09-02 00:36:54'),
(8, 'admin12', 'admin12', 1234567893, 'admin12@gmail.com', 'admin panel', 'admin12', 1, '2023-09-04 23:41:17'),
(9, 'emma', 'emma', 7890567898, '7890567898', 'b/123 gita soc,surat', '00a809937eddc44521da9521269e75c6', 1, '2023-09-12 23:41:49'),
(10, 'sita', 'sita', 7890567898, 'sita@gmail.com', 'sitanagar surat', '803205ab3f1b9b6fa6990393f5ac6b58', 1, '2023-09-13 19:48:32'),
(11, 'zili', 'zili', 7890567898, 'zili@gmail.com', 'zili housing road , surat', '98337a88a988f20dcd4e2dc0ad53e508', 1, '2023-09-13 19:49:54');

-- --------------------------------------------------------

--
-- Table structure for table `user_query`
--

CREATE TABLE `user_query` (
  `sr_no` int(11) NOT NULL,
  `name` varchar(50) NOT NULL,
  `email` varchar(150) NOT NULL,
  `subject` varchar(200) NOT NULL,
  `message` varchar(500) NOT NULL,
  `date` datetime NOT NULL DEFAULT CURRENT_TIMESTAMP
) ENGINE=InnoDB DEFAULT CHARSET=latin1;

--
-- Dumping data for table `user_query`
--

INSERT INTO `user_query` (`sr_no`, `name`, `email`, `subject`, `message`, `date`) VALUES
(7, 'archana', 'archna@gmail.com', 'services', 'hii from archana', '2023-08-20 23:41:39'),
(8, 'tmu', 'tmu@gmail.com', 'services', 'best facilites and mind blowing rooms !', '2023-08-20 23:41:58'),
(9, 'arch', 'arch@gmail.com', 'food', 'delicious food', '2023-08-20 23:42:15'),
(10, 'raw', 'raw@gmail.com', 'rooms', 'best rooms', '2023-08-20 23:42:53'),
(11, 'joy', 'joy@gmail.com', 'rooms', 'The rooms were spacious and spotless, with great décor and crisp bed sheets. The breakfast buffet was delicious, with a huge variety of options! The staff were attentive and went out of their way to ensure that we were comfortable. Nothing was too much trouble.', '2023-08-20 23:48:42'),
(12, 'jiya', 'jiya@gmail.com', 'garden', 'garden is very beautifull.', '2023-08-27 16:03:18'),
(13, 'rani', 'rani@gmail.com', 'bed', 'bed is very soft', '2023-08-27 16:06:15'),
(14, 'rani', 'rani@gmail.com', 'bed', 'bed is very soft', '2023-08-27 16:06:15'),
(15, 'rani', 'rani@gmail.com', 'bed', 'bed is very soft', '2023-08-27 16:07:42'),
(18, 'fiya', 'fiya@gmail.com', 'rooms', 'best rooms', '2023-08-27 16:13:25'),
(19, 'fiya', 'fiya@gmail.com', 'rooms', 'best rooms', '2023-08-27 16:13:58'),
(20, 'fiya', 'fiya@gmail.com', 'rooms', 'best rooms', '2023-08-27 16:14:04'),
(21, 'fiya', 'fiya@gmail.com', 'rooms', 'best rooms', '2023-08-27 16:14:20'),
(22, 'tita', 'tita@gmail.com', 'services', 'best facilites and mind blowing rooms !best facilites and mind blowing rooms !best facilites and mind blowing rooms !best facilites and mind blowing rooms !best facilites and mind blowing rooms !best facilites and mind blowing rooms !best facilites and mind blowing rooms !best facilites and mind blowing rooms !best facilites and mind blowing rooms !best facilites and mind blowing rooms !best facilites and mind blowing rooms !best facilites and mind blowing rooms !best facilites and mind blowing ', '2023-08-27 16:27:22'),
(28, 'arch', 'rani@gmail.com', 'facilitiyes', 'delicious food', '2023-08-28 00:33:41'),
(29, 'mood', 'jod@gmail.com', 'jod', 'bed is very soft est sofa best gaddi', '2023-08-28 02:26:25'),
(30, 'mod', 'jod@gmail.com', 'jod', 'bed is very soft est sofa best gaddi', '2023-08-28 02:26:31'),
(31, 'jood', 'jod@gmail.com', 'jod', 'bed is very soft est sofa best gaddi', '2023-08-28 02:26:37'),
(32, 'jod', 'jod@gmail.com', 'jod', 'bed is very soft est sofa best gaddi', '2023-08-28 02:26:43'),
(33, 'jodo', 'jod@gmail.com', 'jod', 'bed is very soft est sofa best gaddi', '2023-08-28 02:30:04'),
(34, 'jado', 'jod@gmail.com', 'jod', 'bed is very soft est sofa best gaddi', '2023-08-28 02:30:11'),
(35, 'jatu', 'jod@gmail.com', 'jod', 'bed is very soft est sofa best gaddi', '2023-08-28 02:32:20'),
(36, 'jatuu', 'jod@gmail.com', 'jod', 'bed is very soft est sofa best gaddi', '2023-08-28 02:32:26'),
(38, 'rani', 'rani@gmail.com', 'facilitiyes', 'simpleAlert(\'ERROR!\',\"Someting Went\'s Wrong\",\"error\");simpleAlert(\'ERROR!\',\"Someting Went\'s Wrong\",\"error\");simpleAlert(\'ERROR!\',\"Someting Went\'s Wrong\",\"error\");simpleAlert(\'ERROR!\',\"Someting Went\'s Wrong\",\"error\");', '2023-08-28 23:49:41'),
(39, 'arch', 'tamannaghaskata14@gmail.com', 'rooms', 'bed is very soft', '2023-08-29 00:37:06'),
(40, 'archita', 'tamannaghaskata14@gmail.com', 'rooms', 'bed is very soft', '2023-08-29 01:44:39'),
(41, 'minu', 'tamannaghaskata14@gmail.com', 'rooms', 'bed is very soft', '2023-08-29 01:44:47'),
(42, 'rani', 'ghaskataarchna@gmail.com', 'services', 'cnk\r\nkscnc\r\n', '2023-08-29 03:27:41'),
(43, 'arch', 'tmu@gmail.com', 'services', 'animate__animated animate__flipInX animate__delay-5sanimate__animated animate__flipInX animate__delay-5sanimate__animated animate__flipInX animate__delay-5s', '2023-08-31 01:59:44'),
(44, 'kiya', 'kiya@gmail.com', 'foods', 'yummy food provideds by your hotel .i love your food .i give you 5 star for your amazing services', '2023-09-01 23:34:52'),
(45, 'didu', 'didu@gmail.com', 'services', 'services are amazing', '2023-09-02 18:16:37');

--
-- Indexes for dumped tables
--

--
-- Indexes for table `admintbl`
--
ALTER TABLE `admintbl`
  ADD PRIMARY KEY (`aid`),
  ADD UNIQUE KEY `name` (`name`);

--
-- Indexes for table `facilities`
--
ALTER TABLE `facilities`
  ADD PRIMARY KEY (`id`);

--
-- Indexes for table `features`
--
ALTER TABLE `features`
  ADD PRIMARY KEY (`id`);

--
-- Indexes for table `home_silder`
--
ALTER TABLE `home_silder`
  ADD PRIMARY KEY (`id`);

--
-- Indexes for table `rooms`
--
ALTER TABLE `rooms`
  ADD PRIMARY KEY (`id`,`name`,`area`);

--
-- Indexes for table `room_facility`
--
ALTER TABLE `room_facility`
  ADD PRIMARY KEY (`sr_no`),
  ADD KEY `facility_id` (`facilitiy_id`),
  ADD KEY `room_id` (`room_id`);

--
-- Indexes for table `room_features`
--
ALTER TABLE `room_features`
  ADD PRIMARY KEY (`sr_no`),
  ADD KEY `feature_id` (`feature_id`),
  ADD KEY `room id` (`room_id`);

--
-- Indexes for table `room_type`
--
ALTER TABLE `room_type`
  ADD PRIMARY KEY (`id`,`type`);

--
-- Indexes for table `tblbooking`
--
ALTER TABLE `tblbooking`
  ADD PRIMARY KEY (`id`),
  ADD KEY `user_id` (`uid`),
  ADD KEY `rid` (`rid`);

--
-- Indexes for table `tbltitles`
--
ALTER TABLE `tbltitles`
  ADD PRIMARY KEY (`id`);

--
-- Indexes for table `usertbl`
--
ALTER TABLE `usertbl`
  ADD PRIMARY KEY (`id`,`uname`);

--
-- Indexes for table `user_query`
--
ALTER TABLE `user_query`
  ADD PRIMARY KEY (`sr_no`);

--
-- AUTO_INCREMENT for dumped tables
--

--
-- AUTO_INCREMENT for table `admintbl`
--
ALTER TABLE `admintbl`
  MODIFY `aid` int(11) NOT NULL AUTO_INCREMENT, AUTO_INCREMENT=106;

--
-- AUTO_INCREMENT for table `facilities`
--
ALTER TABLE `facilities`
  MODIFY `id` int(11) NOT NULL AUTO_INCREMENT, AUTO_INCREMENT=35;

--
-- AUTO_INCREMENT for table `features`
--
ALTER TABLE `features`
  MODIFY `id` int(11) NOT NULL AUTO_INCREMENT, AUTO_INCREMENT=8;

--
-- AUTO_INCREMENT for table `home_silder`
--
ALTER TABLE `home_silder`
  MODIFY `id` int(11) NOT NULL AUTO_INCREMENT, AUTO_INCREMENT=7;

--
-- AUTO_INCREMENT for table `rooms`
--
ALTER TABLE `rooms`
  MODIFY `id` int(11) NOT NULL AUTO_INCREMENT, AUTO_INCREMENT=24;

--
-- AUTO_INCREMENT for table `room_facility`
--
ALTER TABLE `room_facility`
  MODIFY `sr_no` int(11) NOT NULL AUTO_INCREMENT, AUTO_INCREMENT=122;

--
-- AUTO_INCREMENT for table `room_features`
--
ALTER TABLE `room_features`
  MODIFY `sr_no` int(11) NOT NULL AUTO_INCREMENT, AUTO_INCREMENT=95;

--
-- AUTO_INCREMENT for table `room_type`
--
ALTER TABLE `room_type`
  MODIFY `id` int(11) NOT NULL AUTO_INCREMENT, AUTO_INCREMENT=12;

--
-- AUTO_INCREMENT for table `tblbooking`
--
ALTER TABLE `tblbooking`
  MODIFY `id` int(11) NOT NULL AUTO_INCREMENT, AUTO_INCREMENT=19;

--
-- AUTO_INCREMENT for table `usertbl`
--
ALTER TABLE `usertbl`
  MODIFY `id` int(11) NOT NULL AUTO_INCREMENT, AUTO_INCREMENT=12;

--
-- AUTO_INCREMENT for table `user_query`
--
ALTER TABLE `user_query`
  MODIFY `sr_no` int(11) NOT NULL AUTO_INCREMENT, AUTO_INCREMENT=46;

--
-- Constraints for dumped tables
--

--
-- Constraints for table `room_facility`
--
ALTER TABLE `room_facility`
  ADD CONSTRAINT `facility_id` FOREIGN KEY (`facilitiy_id`) REFERENCES `facilities` (`id`) ON UPDATE NO ACTION,
  ADD CONSTRAINT `room_id` FOREIGN KEY (`room_id`) REFERENCES `rooms` (`id`) ON UPDATE NO ACTION;

--
-- Constraints for table `room_features`
--
ALTER TABLE `room_features`
  ADD CONSTRAINT `feature_id` FOREIGN KEY (`feature_id`) REFERENCES `features` (`id`) ON UPDATE NO ACTION,
  ADD CONSTRAINT `room id` FOREIGN KEY (`room_id`) REFERENCES `rooms` (`id`) ON UPDATE NO ACTION;

--
-- Constraints for table `tblbooking`
--
ALTER TABLE `tblbooking`
  ADD CONSTRAINT `rid` FOREIGN KEY (`rid`) REFERENCES `rooms` (`id`) ON DELETE NO ACTION ON UPDATE NO ACTION,
  ADD CONSTRAINT `user_id` FOREIGN KEY (`uid`) REFERENCES `usertbl` (`id`) ON DELETE NO ACTION ON UPDATE NO ACTION;
COMMIT;

/*!40101 SET CHARACTER_SET_CLIENT=@OLD_CHARACTER_SET_CLIENT */;
/*!40101 SET CHARACTER_SET_RESULTS=@OLD_CHARACTER_SET_RESULTS */;
/*!40101 SET COLLATION_CONNECTION=@OLD_COLLATION_CONNECTION */;
